fact_id,commit_sha,bucket,predicted_label,human_label,disagreement_notes,auto_tag,auto_note
DocClaim::column::FAQ.md::217,fa80aab6b0f854f7a88e7d982d27aec0a9402002,valid,valid,,,GREEN,valid (high): inline `column` mention still present in FAQ.md
DocClaim::main::crates/core/README.md::3,805fa32d184f9b163e7355dd335abc96440f0d2b,valid,valid,,,GREEN,valid (high): inline `main` mention still present in crates/core/README.md
DocClaim::strip::CHANGELOG.md::907,7189950799adf91a22bc29fdfcd99c287a091cb4,valid,valid,,,GREEN,valid (high): inline `strip` mention still present in CHANGELOG.md
Field::AstAnalysis::any_uppercase::crates/regex/src/ast.rs::9,3ad7a0d95e04d16e49f94b83a22f8942a234068f,valid,valid,,,GREEN,valid (high): `AstAnalysis.any_uppercase` still present in crates/regex/src/ast.rs
Field::Begin::path::crates/printer/src/jsont.rs::31,9d8016d10c94a5af2768eb6dd0440386a7d317a0,stale_source_changed,stale_source_changed,,,DISAGREE,stale_source_deleted (medium): `Begin.path` not found in crates/printer/src/jsont.rs (could be rename or true delete)
Field::CommandReader::eof::crates/cli/src/process.rs::184,92b35a65f8eabab9c594d0abbba48a0a97dde741,valid,valid,,,GREEN,valid (high): `CommandReader.eof` still present in crates/cli/src/process.rs
Field::CommandReader::stderr::crates/cli/src/process.rs::180,d53506b7f7b20100af1de0ee86aff8ee205b4fff,valid,valid,,,GREEN,valid (high): `CommandReader.stderr` still present in crates/cli/src/process.rs
Field::Config::terminator::crates/core/path_printer.rs::12,d0251c77fe96412310110aeb9383f20436a9f97e,stale_source_deleted,stale_source_deleted,,,GREEN,stale_source_deleted (high): file `crates/core/path_printer.rs` absent at commit
Field::Core::config::crates/searcher/src/searcher/core.rs::15,36194c27427a6df76963da472b13c36f47410824,valid,valid,,,GREEN,valid (high): `Core.config` still present in crates/searcher/src/searcher/core.rs
Field::Core::last_line_counted::crates/searcher/src/searcher/core.rs::24,e593f5b7ee314005f51be9124e4ee52d06eaa17a,valid,valid,,,GREEN,valid (high): `Core.last_line_counted` still present in crates/searcher/src/searcher/core.rs
Field::Dir::root::tests/util.rs::55,c22fc0f13ce1cbe3bd40b659628aea21874938a2,valid,valid,,,GREEN,valid (high): `Dir.root` still present in tests/util.rs
Field::GitignoreBuilder::root::crates/ignore/src/gitignore.rs::307,e593f5b7ee314005f51be9124e4ee52d06eaa17a,valid,valid,,,GREEN,valid (high): `GitignoreBuilder.root` still present in crates/ignore/src/gitignore.rs
Field::IgnoreInner::custom_ignore_matcher::crates/ignore/src/dir.rs::120,8b766a2522f419ac33552b2f82ec2ad79646c601,valid,valid,,,GREEN,valid (high): `IgnoreInner.custom_ignore_matcher` still present in crates/ignore/src/dir.rs
Field::Searcher::line_buffer::crates/searcher/src/searcher/mod.rs::590,5f5da483079c61966ea34565387867609d4e22f2,valid,valid,,,GREEN,valid (high): `Searcher.line_buffer` still present in crates/searcher/src/searcher/mod.rs
Field::SinkContext::absolute_byte_offset::crates/searcher/src/sink.rs::442,59f86a45d3ca5b5d4dc7eae7cdfd8d1472d7b55d,valid,valid,,,DISAGREE,stale_source_deleted (medium): `SinkContext.absolute_byte_offset` not found in crates/searcher/src/sink.rs (could be rename or true delete)
Field::SummarySink::path::crates/printer/src/summary.rs::463,c12231c6219cf86724c885c8d204b77996d76fe3,valid,valid,,,GREEN,valid (high): `SummarySink.path` still present in crates/printer/src/summary.rs
Field::Types::defs::crates/ignore/src/types.rs::175,e028ea37928930c80e5c3172d1df306b85a86758,valid,valid,,,GREEN,valid (high): `Types.defs` still present in crates/ignore/src/types.rs
Field::WalkParallel::ig_root::crates/ignore/src/walk.rs::1191,65b1b0e38a973ce15d887a1b01d27cabe391cd24,valid,valid,,,GREEN,valid (high): `WalkParallel.ig_root` still present in crates/ignore/src/walk.rs
FunctionSignature::add_all::crates/matcher/src/lib.rs::337,51aa33983032e40c45c9077a375c698dac375aaf,stale_source_changed,stale_source_changed,,,DISAGREE,valid (high): signature byte-identical (1 occurrence(s))
FunctionSignature::add_child_path::crates/ignore/src/dir.rs::232,3b66f37a31d4fcc2aedc0737692c820d26452be4,valid,valid,,,GREEN,valid (high): signature byte-identical (1 occurrence(s))
FunctionSignature::add_child_path::crates/ignore/src/dir.rs::232,f7b677d13620f11327669f768b3c6cabb4c8f2d7,valid,valid,,,GREEN,valid (high): signature byte-identical (1 occurrence(s))
FunctionSignature::add_parents::crates/ignore/src/dir.rs::156,cac9870a0264014ab7015bf07e154c06a668a72c,stale_source_changed,stale_source_changed,,,YELLOW,stale_source_changed (medium): signature lines differ: T₀=['pub fn add_parents<P: AsRef<Path>>('] post=['pub(crate) fn add_parents<P: AsRef<Path>>(']
FunctionSignature::auto::crates/searcher/src/searcher/mmap.rs::29,7ce66f73cf7e76e9f2557922ac8e650eb02cf4ed,valid,valid,,,GREEN,valid (high): signature byte-identical (1 occurrence(s))
FunctionSignature::build_from_result::crates/core/subject.rs::30,81bed78654f57f344e6ef79b81751c09ea60c74e,stale_source_deleted,stale_source_deleted,,,GREEN,stale_source_deleted (high): file `crates/core/subject.rs` absent at commit
FunctionSignature::capture_index::crates/regex/src/multi.rs::58,9d738ad0c009e6632d75fa3d36051e5ae7f7cce6,stale_source_deleted,stale_source_deleted,,,GREEN,stale_source_deleted (high): file `crates/regex/src/multi.rs` absent at commit
FunctionSignature::captures_at::crates/pcre2/src/matcher.rs::314,52115ab633cf04a60a43f2d3727cec729cda5c13,valid,valid,,,GREEN,valid (high): signature byte-identical (1 occurrence(s))
FunctionSignature::captures_iter::crates/regex/src/matcher.rs::542,ac02f54c892cc22cf32344600360a911537b2a27,needs_revalidation,needs_revalidation,,,YELLOW,auto says deleted; labeler says needs_revalidation; rename/reval check exceeds auto-filter scope: fn `captures_iter` absent from crates/regex/src/matcher.rs
FunctionSignature::contexts::crates/core/args.rs::1003,8bd595029656370927f846406ca4ce4ffe0b3e91,stale_source_deleted,stale_source_deleted,,,GREEN,stale_source_deleted (high): file `crates/core/args.rs` absent at commit
FunctionSignature::count::crates/searcher/src/lines.rs::111,80007698d3ae6c1def8ee784c6287ce1376de5c4,stale_source_changed,stale_source_changed,,,YELLOW,"stale_source_changed (medium): signature lines differ: T₀=['pub fn count(bytes: &[u8], line_term: u8) -> u64 {'] post=['pub(crate) fn count(bytes: &[u8], line_term: u8) -> u64 {']"
FunctionSignature::crlf::crates/pcre2/src/matcher.rs::119,4a30819302810a8772bd205970d41fe9b4e97333,valid,valid,,,GREEN,valid (high): signature byte-identical (1 occurrence(s))
FunctionSignature::default_color_specs::crates/printer/src/color.rs::7,7bb9f35d2d0b02952e20c082b17be856788e5f44,valid,valid,,,GREEN,valid (high): signature byte-identical (1 occurrence(s))
FunctionSignature::description::crates/cli/src/pattern.rs::32,720376ead65b8a98469b5e3030bd009eee90f23f,needs_revalidation,needs_revalidation,,,YELLOW,auto says deleted; labeler says needs_revalidation; rename/reval check exceeds auto-filter scope: fn `description` absent from crates/cli/src/pattern.rs
FunctionSignature::description::crates/printer/src/color.rs::42,d47663b1b4548e4fa02d6e4b575718d0f5f5e7d6,needs_revalidation,needs_revalidation,,,YELLOW,auto says deleted; labeler says needs_revalidation; rename/reval check exceeds auto-filter scope: fn `description` absent from crates/printer/src/color.rs
FunctionSignature::device_num::crates/ignore/src/walk.rs::1838,4fec9ffca82fb02824d889876c802b1ec54bf403,stale_source_changed,stale_source_changed,,,DISAGREE,valid (medium): signature byte-identical (2 occurrence(s))
FunctionSignature::dfa_size_limit::crates/core/args.rs::1052,e92e2ef8137a4333fee141f842e9a59b5da7b645,stale_source_deleted,stale_source_deleted,,,GREEN,stale_source_deleted (high): file `crates/core/args.rs` absent at commit
FunctionSignature::filter::crates/searcher/src/testutil.rs::294,d0251c77fe96412310110aeb9383f20436a9f97e,stale_source_changed,stale_source_changed,,,YELLOW,"stale_source_changed (medium): signature lines differ: T₀=['pub fn filter(&mut self, pattern: &str) -> &mut SearcherTester {'] post=['pub(crate) fn filter(&mut self, pattern: &str) -> &mut SearcherTester {']"
FunctionSignature::find_iter_at_in_context::crates/printer/src/util.rs::387,6e0539ab91a467153fa403c3d93204e4594af0b3,stale_source_changed,stale_source_changed,,,YELLOW,"stale_source_changed (medium): signature lines differ: T₀=['pub fn find_iter_at_in_context<M, F>('] post=['pub(crate) fn find_iter_at_in_context<M, F>(']"
FunctionSignature::flag_fixed_strings::crates/core/app.rs::1342,e30bbb8cff1fc59c9e7671c0aca1e8c664bde7df,valid,valid,,,GREEN,valid (high): signature byte-identical (1 occurrence(s))
FunctionSignature::flag_glob::crates/core/app.rs::1387,f89cdba5dfdce734a9300a487f9c595013838cb7,stale_source_deleted,stale_source_deleted,,,GREEN,stale_source_deleted (high): file `crates/core/app.rs` absent at commit
FunctionSignature::flag_no_unicode::crates/core/app.rs::2238,0407e104f611d623547897ca99d172673b31779f,stale_source_deleted,stale_source_deleted,,,GREEN,stale_source_deleted (high): file `crates/core/app.rs` absent at commit
FunctionSignature::flag_type_clear::crates/core/app.rs::2974,5fbc4fee64131b5cd14675be71e43768a9763553,stale_source_deleted,stale_source_deleted,,,GREEN,stale_source_deleted (high): file `crates/core/app.rs` absent at commit
FunctionSignature::fmt::crates/matcher/src/lib.rs::495,99b7957122454185dc5ea9e99bb1b56c8966f1a2,stale_source_changed,stale_source_changed,,,YELLOW,"stale_source_changed (medium): signature lines differ: T₀=[""fn fmt(&self, _: &mut fmt::Formatter<'_>) -> fmt::Result {"", ""fn fmt(&self, f: &mut fmt::Formatter<'_>) -> fmt::Result {""] post=[""fn fmt(&self, _: &mut std::fmt::Formatter<'_>) -> std::fmt::Result {"", ""fn fmt(&self, f: &mut std::fmt::Formatter<'_>) -> std::fmt::Result {""]"
FunctionSignature::imp::crates/cli/src/lib.rs::191,5b2f614aad9eba487e49bbf8be22e86337de6622,valid,valid,,,GREEN,valid (high): signature byte-identical (1 occurrence(s))
FunctionSignature::imp::crates/core/main.rs::336,7c2161d68755e2c47db26717f6757f5099d500e4,needs_revalidation,needs_revalidation,,,YELLOW,auto says deleted; labeler says needs_revalidation; rename/reval check exceeds auto-filter scope: fn `imp` absent from crates/core/main.rs
FunctionSignature::interpolate::crates/matcher/src/lib.rs::405,431ea386206da2c9c2f73bd8119345191b679f78,valid,valid,,,GREEN,valid (high): signature byte-identical (1 occurrence(s))
FunctionSignature::is_hidden::crates/ignore/src/pathutil.rs::22,fc7e634395f144491e6d2dc08cb5059adbb4b1fc,stale_source_changed,stale_source_changed,,,DISAGREE,valid (high): signature byte-identical (1 occurrence(s))
FunctionSignature::is_stdin::crates/ignore/src/walk.rs::51,e2362d4d5185d02fa857bf381e7bd52e66fafc73,valid,valid,,,YELLOW,valid (medium): signature byte-identical (2 occurrence(s))
FunctionSignature::len::crates/globset/src/lib.rs::295,ad793a0d8f387be1fce20d862f26f75533b84b28,valid,valid,,,GREEN,valid (high): signature byte-identical (1 occurrence(s))
FunctionSignature::line_number::crates/searcher/src/testutil.rs::360,72a5291b4e46371dd482b5577e77eb9cc5202967,stale_source_changed,stale_source_changed,,,YELLOW,"stale_source_changed (medium): signature lines differ: T₀=['pub fn line_number(&mut self, yes: bool) -> &mut SearcherTester {'] post=['pub(crate) fn line_number(&mut self, yes: bool) -> &mut SearcherTester {']"
FunctionSignature::line_terminator::crates/searcher/src/testutil.rs::80,87c4a2b4b151b79005955f8543632c27fc34174b,valid,valid,,,GREEN,valid (high): signature byte-identical (1 occurrence(s))
FunctionSignature::locations_mut::crates/regex/src/matcher.rs::920,304a60e8e9d4b2a42dc3dfb1ba4cef6d7bf92515,stale_symbol_renamed,stale_symbol_renamed,,,YELLOW,auto says deleted; labeler says stale_symbol_renamed; rename/reval check exceeds auto-filter scope: fn `locations_mut` absent from crates/regex/src/matcher.rs
FunctionSignature::locations_mut::crates/regex/src/matcher.rs::920,491bf3f6d5bc1a621754440e291960f460a9c003,stale_symbol_renamed,stale_symbol_renamed,,,YELLOW,auto says deleted; labeler says stale_symbol_renamed; rename/reval check exceeds auto-filter scope: fn `locations_mut` absent from crates/regex/src/matcher.rs
FunctionSignature::locations_mut::crates/regex/src/matcher.rs::920,75e17fcabe14dd9a773e4e8dc5b2fc837f238a90,stale_symbol_renamed,stale_symbol_renamed,,,YELLOW,auto says deleted; labeler says stale_symbol_renamed; rename/reval check exceeds auto-filter scope: fn `locations_mut` absent from crates/regex/src/matcher.rs
FunctionSignature::locations_mut::crates/regex/src/matcher.rs::920,84d65865e6febc784b8b0296dd4681d761fa5a67,stale_symbol_renamed,stale_symbol_renamed,,,YELLOW,auto says deleted; labeler says stale_symbol_renamed; rename/reval check exceeds auto-filter scope: fn `locations_mut` absent from crates/regex/src/matcher.rs
FunctionSignature::locations_mut::crates/regex/src/matcher.rs::920,8ac66a9e0461b0c50a5f69508f0740d893426d3d,stale_symbol_renamed,stale_symbol_renamed,,,YELLOW,auto says deleted; labeler says stale_symbol_renamed; rename/reval check exceeds auto-filter scope: fn `locations_mut` absent from crates/regex/src/matcher.rs
FunctionSignature::locations_mut::crates/regex/src/matcher.rs::920,b0c6d4c34afed68cfdc9dde98046716b1e773651,stale_symbol_renamed,stale_symbol_renamed,,,YELLOW,auto says deleted; labeler says stale_symbol_renamed; rename/reval check exceeds auto-filter scope: fn `locations_mut` absent from crates/regex/src/matcher.rs
FunctionSignature::locations_mut::crates/regex/src/matcher.rs::920,c8e4a84519ede79b330f9a9e2b072110d5bd0c8c,stale_symbol_renamed,stale_symbol_renamed,,,YELLOW,auto says deleted; labeler says stale_symbol_renamed; rename/reval check exceeds auto-filter scope: fn `locations_mut` absent from crates/regex/src/matcher.rs
FunctionSignature::locations_mut::crates/regex/src/matcher.rs::920,c9bfbe1e3d350bb93356167df9c4085abdbc2316,stale_symbol_renamed,stale_symbol_renamed,,,YELLOW,auto says deleted; labeler says stale_symbol_renamed; rename/reval check exceeds auto-filter scope: fn `locations_mut` absent from crates/regex/src/matcher.rs
FunctionSignature::locations_mut::crates/regex/src/matcher.rs::920,e80c102dee181a623b802e610fe17548fa877c6f,stale_symbol_renamed,stale_symbol_renamed,,,YELLOW,auto says deleted; labeler says stale_symbol_renamed; rename/reval check exceeds auto-filter scope: fn `locations_mut` absent from crates/regex/src/matcher.rs
FunctionSignature::long_help::crates/core/app.rs::387,de2567a4c76fa671005538d6cd841abc44932b9a,stale_source_deleted,stale_source_deleted,,,GREEN,stale_source_deleted (high): file `crates/core/app.rs` absent at commit
FunctionSignature::match_by_line_fast_invert::crates/searcher/src/searcher/core.rs::325,7397ab7d97a9e07be60b3dde7c6f5ba58cc61ea8,valid,valid,,,GREEN,valid (high): signature byte-identical (1 occurrence(s))
FunctionSignature::multi_line::crates/pcre2/src/matcher.rs::106,0b0e013f5ac6ae1dbfdf97f6f6aaa27d7c9bc317,valid,valid,,,GREEN,valid (high): signature byte-identical (1 occurrence(s))
FunctionSignature::new::crates/ignore/src/types.rs::323,8c6595c215d1e24bed5b7b86e2b18f3c871439ef,valid,valid,,,GREEN,valid (high): signature byte-identical (1 occurrence(s))
FunctionSignature::new::crates/regex/src/matcher.rs::35,ac8fecbbf2e3be6dc3fca2ebc1a31a046d57553a,valid,valid,,,YELLOW,valid (medium): signature byte-identical (5 occurrence(s))
FunctionSignature::new::crates/regex/src/matcher.rs::408,a5ba50ceaf01908fed077eb914a84bd02e016a70,stale_source_changed,stale_source_changed,,,YELLOW,"stale_source_changed (medium): signature lines differ: T₀=['fn new(expr: &ConfiguredHIR) -> Result<RegexMatcherImpl, Error> {', 'fn new(expr: &ConfiguredHIR) -> Result<StandardMatcher, Error> {', 'pub fn new() -> RegexMatcherBuilder {', 'pub fn new(pattern: &str) -> Result<RegexMatcher, Error> {', 'pub(crate) fn new(locs: CaptureLocations) -> RegexCaptures {'] post=['pub fn new() -> RegexMatcherBuilder {', 'pub fn new(pattern: &str) -> Result<RegexMatcher, Error> {', 'pub(crate) fn new(caps: AutomataCaptures) -> RegexCaptures {']"
FunctionSignature::num_ignores::crates/ignore/src/gitignore.rs::165,6abb962f0d655a186972462d88d2de4e5caf4a33,valid,valid,,,GREEN,valid (high): signature byte-identical (1 occurrence(s))
FunctionSignature::original::crates/ignore/src/gitignore.rs::49,a5083f99ce1d777d0ce223c30f5789fb7d47783a,valid,valid,,,GREEN,valid (high): signature byte-identical (1 occurrence(s))
FunctionSignature::parse_comma::crates/globset/src/glob.rs::823,251376597f808d78c11b86a4405b869e34d24658,valid,valid,,,GREEN,valid (high): signature byte-identical (1 occurrence(s))
FunctionSignature::pattern_line::crates/core/args.rs::1483,fc69bd366c74bd888deed67fd2e654734fbb3fec,valid,valid,,,GREEN,valid (high): signature byte-identical (1 occurrence(s))
FunctionSignature::pattern_to_regex::crates/regex/src/config.rs::231,28cce895ffb8b34f3378b96b5a6b7aafe01694da,stale_symbol_renamed,stale_symbol_renamed,,,YELLOW,auto says deleted; labeler says stale_symbol_renamed; rename/reval check exceeds auto-filter scope: fn `pattern_to_regex` absent from crates/regex/src/config.rs
FunctionSignature::pattern_to_regex::crates/regex/src/config.rs::231,4649aa9700619f94cf9c66876e9549d83420e16c,stale_symbol_renamed,stale_symbol_renamed,,,YELLOW,auto says deleted; labeler says stale_symbol_renamed; rename/reval check exceeds auto-filter scope: fn `pattern_to_regex` absent from crates/regex/src/config.rs
FunctionSignature::pattern_to_regex::crates/regex/src/config.rs::231,53679e4c43e472b2f51d9568455caa10ad399fc4,stale_symbol_renamed,stale_symbol_renamed,,,YELLOW,auto says deleted; labeler says stale_symbol_renamed; rename/reval check exceeds auto-filter scope: fn `pattern_to_regex` absent from crates/regex/src/config.rs
FunctionSignature::pattern_to_regex::crates/regex/src/config.rs::231,5dc424d3027be8fac4831a55f31b5a91bd0e5312,stale_symbol_renamed,stale_symbol_renamed,,,YELLOW,auto says deleted; labeler says stale_symbol_renamed; rename/reval check exceeds auto-filter scope: fn `pattern_to_regex` absent from crates/regex/src/config.rs
FunctionSignature::pattern_to_regex::crates/regex/src/config.rs::231,8c6595c215d1e24bed5b7b86e2b18f3c871439ef,stale_symbol_renamed,stale_symbol_renamed,,,YELLOW,auto says deleted; labeler says stale_symbol_renamed; rename/reval check exceeds auto-filter scope: fn `pattern_to_regex` absent from crates/regex/src/config.rs
FunctionSignature::pattern_to_regex::crates/regex/src/config.rs::231,a5d9e03c687c14618d9224e0cbea3061860ba8de,stale_symbol_renamed,stale_symbol_renamed,,,YELLOW,auto says deleted; labeler says stale_symbol_renamed; rename/reval check exceeds auto-filter scope: fn `pattern_to_regex` absent from crates/regex/src/config.rs
FunctionSignature::preprocessor_globs::crates/core/args.rs::1516,82d3183a04e2fac6e270c99a05229b8e1232584d,valid,valid,,,GREEN,valid (high): signature byte-identical (1 occurrence(s))
FunctionSignature::regex::crates/regex/src/config.rs::178,087f82273db91830245ba246306899f9fbbd86ec,needs_revalidation,needs_revalidation,,,YELLOW,auto says deleted; labeler says needs_revalidation; rename/reval check exceeds auto-filter scope: fn `regex` absent from crates/regex/src/config.rs
FunctionSignature::regex::crates/regex/src/config.rs::178,30d06b3b4c39500fc99ffdc27aa6c476eaf18f3d,needs_revalidation,needs_revalidation,,,YELLOW,auto says deleted; labeler says needs_revalidation; rename/reval check exceeds auto-filter scope: fn `regex` absent from crates/regex/src/config.rs
FunctionSignature::regex::crates/regex/src/config.rs::178,d2a409f89f1eb8e3ad3990aeb1fff944289534f2,needs_revalidation,needs_revalidation,,,YELLOW,auto says deleted; labeler says needs_revalidation; rename/reval check exceeds auto-filter scope: fn `regex` absent from crates/regex/src/config.rs
FunctionSignature::regex::crates/regex/src/matcher.rs::426,d199058e77cbea419f072015373ab1beb0e508ee,needs_revalidation,needs_revalidation,,,YELLOW,auto says deleted; labeler says needs_revalidation; rename/reval check exceeds auto-filter scope: fn `regex` absent from crates/regex/src/matcher.rs
FunctionSignature::regex::crates/regex/src/word.rs::67,c21302b4096f9ce1af095fbe8b14828a90ecfecb,stale_source_deleted,stale_source_deleted,,,GREEN,stale_source_deleted (high): file `crates/regex/src/word.rs` absent at commit
FunctionSignature::remove::crates/matcher/src/lib.rs::344,25a7145c79492e8dc89b6ece9c5214c37d60d23d,valid,valid,,,GREEN,valid (high): signature byte-identical (1 occurrence(s))
FunctionSignature::replace::crates/matcher/src/lib.rs::874,1cbcefddc9cfe1a9acbcc71adef7d9c0591fcb1d,stale_source_changed,stale_source_changed,,,DISAGREE,valid (high): signature byte-identical (1 occurrence(s))
FunctionSignature::replace::crates/regex/src/matcher.rs::595,c33f6237199cd3ae6f884f5fe0f6ccf57f805a28,needs_revalidation,needs_revalidation,,,YELLOW,auto says deleted; labeler says needs_revalidation; rename/reval check exceeds auto-filter scope: fn `replace` absent from crates/regex/src/matcher.rs
FunctionSignature::replace_with_captures::crates/regex/src/matcher.rs::613,4aafe45760adfe6505a9852e14cad4a15f79b7c9,needs_revalidation,needs_revalidation,,,YELLOW,auto says deleted; labeler says needs_revalidation; rename/reval check exceeds auto-filter scope: fn `replace_with_captures` absent from crates/regex/src/matcher.rs
FunctionSignature::replace_with_captures::crates/regex/src/matcher.rs::613,bb8601b2bafb5e68181cbbb84e6ffa4f7a72bf16,needs_revalidation,needs_revalidation,,,YELLOW,auto says deleted; labeler says needs_revalidation; rename/reval check exceeds auto-filter scope: fn `replace_with_captures` absent from crates/regex/src/matcher.rs
FunctionSignature::separator_field_context::crates/printer/src/standard.rs::402,b9f5835534f0cf726e536c534c0725ea2848644e,valid,valid,,,GREEN,valid (high): signature byte-identical (1 occurrence(s))
FunctionSignature::set_binary_detection::crates/searcher/src/line_buffer.rs::321,9626f167573527858f9736a3054882de87d6cd79,stale_source_changed,stale_source_changed,,,YELLOW,"stale_source_changed (medium): signature lines differ: T₀=['pub fn set_binary_detection(&mut self, binary: BinaryDetection) {'] post=['pub(crate) fn set_binary_detection(&mut self, binary: BinaryDetection) {']"
FunctionSignature::shortest_match::crates/regex/src/matcher.rs::664,8b5d3d1c1e3b0e32f22aa634d000b314f6d4d465,needs_revalidation,needs_revalidation,,,YELLOW,auto says deleted; labeler says needs_revalidation; rename/reval check exceeds auto-filter scope: fn `shortest_match` absent from crates/regex/src/matcher.rs
FunctionSignature::shortest_match::crates/regex/src/matcher.rs::664,cddb5f57f8fa3413a6210bdd3a8f687b7dac69b2,needs_revalidation,needs_revalidation,,,YELLOW,auto says deleted; labeler says needs_revalidation; rename/reval check exceeds auto-filter scope: fn `shortest_match` absent from crates/regex/src/matcher.rs
FunctionSignature::shortest_match::crates/regex/src/matcher.rs::664,d6b59feff890f038acde7d5e151995d8aec1e107,needs_revalidation,needs_revalidation,,,YELLOW,auto says deleted; labeler says needs_revalidation; rename/reval check exceeds auto-filter scope: fn `shortest_match` absent from crates/regex/src/matcher.rs
FunctionSignature::shortest_match_at::crates/matcher/src/lib.rs::1300,dc337bab0ae594c5b913a42c458de89631a56a3e,valid,valid,,,GREEN,valid (high): signature byte-identical (1 occurrence(s))
FunctionSignature::sink::crates/printer/src/summary.rs::362,6a055d922cb0899efe48d76defad3ff56ab7395d,valid,valid,,,GREEN,valid (high): signature byte-identical (1 occurrence(s))
FunctionSignature::sink_with_path::crates/printer/src/standard.rs::522,293ef80eaf0641bcfa0206e1fc142017296bac8c,valid,valid,,,GREEN,valid (high): signature byte-identical (1 occurrence(s))
FunctionSignature::strip_dot_prefix::crates/core/subject.rs::85,09905560ffc32206988c92c6a37c1c927c86e3cb,valid,valid,,,GREEN,valid (high): signature byte-identical (1 occurrence(s))
FunctionSignature::tests::buffer_binary_convert2::crates/searcher/src/line_buffer.rs::894,064b36b115228bbe2ca72fc7932777096bcb2602,valid,valid,,,GREEN,valid (high): signature byte-identical (1 occurrence(s))
FunctionSignature::tests::buffer_zero_capacity::crates/searcher/src/line_buffer.rs::661,286de9564e511f01f13756c207e9b26ec781591d,valid,valid,,,GREEN,valid (high): signature byte-identical (1 occurrence(s))
FunctionSignature::tests::empty_line4::crates/searcher/src/testutil.rs::752,b9f5835534f0cf726e536c534c0725ea2848644e,valid,valid,,,GREEN,valid (high): signature byte-identical (1 occurrence(s))
FunctionSignature::tests::find_by_caps::crates/regex/src/word.rs::202,daa157b5f99c064eac7cd4593e4ec07bb8fd9bef,stale_source_deleted,stale_source_deleted,,,GREEN,stale_source_deleted (high): file `crates/regex/src/word.rs` absent at commit
FunctionSignature::tests::m::crates/searcher/src/testutil.rs::721,b9f7a9ba2bede566a6a981c6a7a004836a8c4138,valid,valid,,,GREEN,valid (high): signature byte-identical (1 occurrence(s))
FunctionSignature::tests::max_columns_multi_line_preview::crates/printer/src/standard.rs::2522,3f68a8f3d70d402643cae09fd6b9858385e30743,valid,valid,,,GREEN,valid (high): signature byte-identical (1 occurrence(s))
FunctionSignature::tests::nothing_simple::crates/cli/src/escape.rs::239,de4baa10024f2cb62d438596274b9b710e01c59b,valid,valid,,,GREEN,valid (high): signature byte-identical (1 occurrence(s))
FunctionSignature::tests::only_ignores::crates/ignore/src/overrides.rs::188,33b44812c0a01f4f2a316bac04d4a7477cf41444,valid,valid,,,GREEN,valid (high): signature byte-identical (1 occurrence(s))
FunctionSignature::tests::only_matching::crates/printer/src/standard.rs::2728,6ebebb2aaa9991694aed10b944cf2e8196811e1c,valid,valid,,,YELLOW,valid (medium): signature byte-identical (2 occurrence(s))
FunctionSignature::tests::only_matching_max_columns_multi_line1::crates/printer/src/standard.rs::2866,4386b8e805e273a9795ad4e256c455c74407c949,valid,valid,,,GREEN,valid (high): signature byte-identical (1 occurrence(s))
FunctionSignature::tests::only_matching_multi_line2::crates/printer/src/standard.rs::2782,edafb612d2b93b0dc28531abf155bdd7e3bcfe63,valid,valid,,,GREEN,valid (high): signature byte-identical (1 occurrence(s))
FunctionSignature::tests::various_captures::crates/regex/src/word.rs::252,7bb9f35d2d0b02952e20c082b17be856788e5f44,stale_source_deleted,stale_source_deleted,,,GREEN,stale_source_deleted (high): file `crates/regex/src/word.rs` absent at commit
FunctionSignature::total_count::crates/printer/src/counter.rs::27,f7ff34fdf9d2853f9763aceb28f5dcb014728045,stale_source_changed,stale_source_changed,,,YELLOW,stale_source_changed (medium): signature lines differ: T₀=['pub fn total_count(&self) -> u64 {'] post=['pub(crate) fn total_count(&self) -> u64 {']
FunctionSignature::unescape_os::crates/cli/src/escape.rs::164,b12905daca8a1659e039af4e09affbc82e2de8af,valid,valid,,,GREEN,valid (high): signature byte-identical (1 occurrence(s))
FunctionSignature::values_of_lossy_vec::crates/core/args.rs::1654,e42432cc5dc32820d025e28287bba70a3751f8ca,stale_source_deleted,stale_source_deleted,,,GREEN,stale_source_deleted (high): file `crates/core/args.rs` absent at commit
FunctionSignature::write_colored_line::crates/printer/src/standard.rs::1250,9c6732bd2670d5f04fa5f19744aae12c3fb38572,valid,valid,,,GREEN,valid (high): signature byte-identical (1 occurrence(s))
FunctionSignature::write_path::crates/ignore/examples/walk.rs::69,67dd809a8097923a721305ce0632a9fb9f19cb57,needs_revalidation,needs_revalidation,,,YELLOW,auto says deleted; labeler says needs_revalidation; rename/reval check exceeds auto-filter scope: fn `write_path` absent from crates/ignore/examples/walk.rs
FunctionSignature::write_path::crates/ignore/examples/walk.rs::76,72a130323813d0486861403a8aaf9b778276e6e5,needs_revalidation,needs_revalidation,,,YELLOW,auto says deleted; labeler says needs_revalidation; rename/reval check exceeds auto-filter scope: fn `write_path` absent from crates/ignore/examples/walk.rs
FunctionSignature::write_search_prelude::crates/printer/src/standard.rs::1415,8697946718f9a483aa1496a988d3e7e2c54ef56a,valid,valid,,,GREEN,valid (high): signature byte-identical (1 occurrence(s))
FunctionSignature::write_trim::crates/printer/src/standard.rs::1537,3f2fe0afee0d1a1eeb3235904cfef4f35c4644dc,stale_symbol_renamed,stale_symbol_renamed,,,YELLOW,auto says deleted; labeler says stale_symbol_renamed; rename/reval check exceeds auto-filter scope: fn `write_trim` absent from crates/printer/src/standard.rs
FunctionSignature::write_trim::crates/printer/src/standard.rs::1537,4694800be58daa9e2ca9534f674b63254eb02b3b,stale_symbol_renamed,stale_symbol_renamed,,,YELLOW,auto says deleted; labeler says stale_symbol_renamed; rename/reval check exceeds auto-filter scope: fn `write_trim` absent from crates/printer/src/standard.rs
FunctionSignature::write_trim::crates/printer/src/standard.rs::1537,67ad9917ad40d23df054b87a38532b06f85205dd,stale_symbol_renamed,stale_symbol_renamed,,,YELLOW,auto says deleted; labeler says stale_symbol_renamed; rename/reval check exceeds auto-filter scope: fn `write_trim` absent from crates/printer/src/standard.rs
FunctionSignature::write_trim::crates/printer/src/standard.rs::1537,9ed7565fcb47d02e76398d41f24ba0817f6b9c2f,stale_symbol_renamed,stale_symbol_renamed,,,YELLOW,auto says deleted; labeler says stale_symbol_renamed; rename/reval check exceeds auto-filter scope: fn `write_trim` absent from crates/printer/src/standard.rs
FunctionSignature::write_trim::crates/printer/src/standard.rs::1537,eca13f08a2a0ece89a423565891e48a90a8aedef,stale_symbol_renamed,stale_symbol_renamed,,,YELLOW,auto says deleted; labeler says stale_symbol_renamed; rename/reval check exceeds auto-filter scope: fn `write_trim` absent from crates/printer/src/standard.rs
PublicSymbol::ConfigError::crates/searcher/src/lib.rs::99,720376ead65b8a98469b5e3030bd009eee90f23f,stale_source_changed,stale_source_changed,,,DISAGREE,valid (high): `pub <kind> ConfigError` still present
PublicSymbol::DecompressionMatcherBuilder::crates/cli/src/decompress.rs::13,cd3bcce42d1443a342cd113f904a3767ce835441,valid,valid,,,GREEN,valid (high): `pub <kind> DecompressionMatcherBuilder` still present
PublicSymbol::Error::crates/globset/src/lib.rs::130,90b849912f74a41faa9f0b4f0aa3a829a44fd4b5,valid,valid,,,GREEN,valid (high): `pub <kind> Error` still present
PublicSymbol::ErrorKind::crates/regex/src/error.rs::33,13faa39b661aac0b0c3e88fc026670c089be303a,valid,valid,,,GREEN,valid (high): `pub <kind> ErrorKind` still present
PublicSymbol::FileTypeDef::crates/ignore/src/types.rs::154,861f6d374fa3d599dca86111e9b513772ca3de1a,valid,valid,,,GREEN,valid (high): `pub <kind> FileTypeDef` still present
PublicSymbol::GlobSet::crates/globset/src/lib.rs::277,65b1b0e38a973ce15d887a1b01d27cabe391cd24,valid,valid,,,GREEN,valid (high): `pub <kind> GlobSet` still present
PublicSymbol::LineStep::crates/searcher/src/lib.rs::98,d4b77a8d8967ce1bf701ec65ceb9a75e85e5f2e0,stale_source_changed,stale_source_changed,,,DISAGREE,valid (high): `pub <kind> LineStep` still present
PublicSymbol::RegexCaptures::crates/matcher/tests/util.rs::85,bb6f0f551972720792bd5bbd15035991a63dc472,stale_source_changed,stale_source_changed,,,GREEN,stale_source_changed (high): `RegexCaptures` present but visibility narrowed or made private
PublicSymbol::RegexMatcherBuilder::crates/pcre2/src/lib.rs::9,43bbcca06f0aab493b5f8c85ea2f7caf4fa3f7c4,valid,valid,,,GREEN,valid (high): `pub <kind> RegexMatcherBuilder` still present
PublicSymbol::SHERLOCK_CRLF::tests/hay.rs::10,3a612f88b805e14aef45bfa43e25a54abc6297fc,valid,valid,,,GREEN,valid (high): `pub <kind> SHERLOCK_CRLF` still present
PublicSymbol::SinkError::crates/searcher/src/lib.rs::104,9d62eb997a19efbf5e96d28870f8edad9bde1b9b,valid,valid,,,GREEN,valid (high): `pub <kind> SinkError` still present
PublicSymbol::SinkMatch::crates/searcher/src/lib.rs::104,a13b5e0196324d123ca065db9bf0aa626d993feb,stale_source_changed,stale_source_changed,,,DISAGREE,valid (high): `pub <kind> SinkMatch` still present
PublicSymbol::SliceByLine::crates/searcher/src/searcher/glue.rs::90,a2907db2de20fd33b0bf02d9bd1375da06218865,stale_source_changed,stale_source_changed,,,GREEN,stale_source_changed (high): `SliceByLine` present but visibility narrowed or made private
PublicSymbol::StandardSink::crates/printer/src/standard.rs::628,648a65f1976cc3b7eb66425024649d71d5befe1e,valid,valid,,,GREEN,valid (high): `pub <kind> StandardSink` still present
PublicSymbol::TempDir::crates/ignore/src/lib.rs::513,e902e2fef40b926bdf093c6a3939be8cc6f3778a,valid,valid,,,GREEN,valid (high): `pub <kind> TempDir` still present
PublicSymbol::add::crates/ignore/src/overrides.rs::134,f89cdba5dfdce734a9300a487f9c595013838cb7,valid,valid,,,GREEN,valid (high): `pub <kind> add` still present
PublicSymbol::alternation_literals::crates/regex/src/config.rs::185,2198bd92faacef6e4a102fb96f1640a17a7c3ed2,needs_revalidation,needs_revalidation,,,YELLOW,auto says deleted; labeler says needs_revalidation; rename/reval check exceeds auto-filter scope: no `pub … alternation_literals` and no narrowed equivalent in crates/regex/src/config.rs
PublicSymbol::binary_detection::crates/searcher/src/line_buffer.rs::191,eca13f08a2a0ece89a423565891e48a90a8aedef,stale_source_changed,stale_source_changed,,,GREEN,stale_source_changed (high): `binary_detection` present but visibility narrowed or made private
PublicSymbol::buffer::crates/searcher/src/line_buffer.rs::256,5dec4b8e3755bcc0be27fb43bd20880d6da1c42b,stale_source_changed,stale_source_changed,,,GREEN,stale_source_changed (high): `buffer` present but visibility narrowed or made private
PublicSymbol::build::crates/cli/src/decompress.rs::219,dd1bc5b89873295d4e81f7a93624963e99586c17,valid,valid,,,GREEN,valid (high): `pub <kind> build` still present
PublicSymbol::build::crates/searcher/src/line_buffer.rs::122,88524a2b5232c951f9d4c0a169a046a7354251bd,stale_source_changed,stale_source_changed,,,GREEN,stale_source_changed (high): `build` present but visibility narrowed or made private
PublicSymbol::build::crates/searcher/src/searcher/mod.rs::315,c93fc793a08f3a97e02457d5132b4cc346768014,valid,valid,,,GREEN,valid (high): `pub <kind> build` still present
PublicSymbol::clear::crates/printer/src/counter.rs::43,a6e0be3c909c5c09e5fb402c907f3beb88cfb4c4,needs_revalidation,needs_revalidation,,,YELLOW,auto says deleted; labeler says needs_revalidation; rename/reval check exceeds auto-filter scope: no `pub … clear` and no narrowed equivalent in crates/printer/src/counter.rs
PublicSymbol::default_with_color::crates/printer/src/color.rs::241,88524a2b5232c951f9d4c0a169a046a7354251bd,valid,valid,,,GREEN,valid (high): `pub <kind> default_with_color` still present
PublicSymbol::every_line_is_candidate::crates/searcher/src/testutil.rs::55,a2907db2de20fd33b0bf02d9bd1375da06218865,stale_source_changed,stale_source_changed,,,GREEN,stale_source_changed (high): `every_line_is_candidate` present but visibility narrowed or made private
PublicSymbol::file_type::crates/ignore/src/walk.rs::66,1fa76d2a42f05509a01c3e50a9424d16cfa8726d,valid,valid,,,GREEN,valid (high): `pub <kind> file_type` still present
PublicSymbol::file_type::crates/ignore/src/walk.rs::66,798f8981eb4fbbf8d06cbb2ad4722a1acf0ee841,valid,valid,,,GREEN,valid (high): `pub <kind> file_type` still present
PublicSymbol::get_mut::crates/printer/src/summary.rs::434,d9bd261be8c52a280f767e5165de5dba6152830c,valid,valid,,,GREEN,valid (high): `pub <kind> get_mut` still present
PublicSymbol::ignore_case_insensitive::crates/ignore/src/dir.rs::729,538ba956dc00b4317d0f40dc6324c31e9e1c40a9,stale_source_changed,stale_source_changed,,,GREEN,stale_source_changed (high): `ignore_case_insensitive` present but visibility narrowed or made private
PublicSymbol::into_inner::crates/printer/src/counter.rs::57,66aa4a63bb52468aa789cfa00c0643111ff03239,stale_source_changed,stale_source_changed,,,GREEN,stale_source_changed (high): `into_inner` present but visibility narrowed or made private
PublicSymbol::into_inner::crates/printer/src/json.rs::538,381c521d02e26f86d69fbbec6e697a4609bea056,valid,valid,,,GREEN,valid (high): `pub <kind> into_inner` still present
PublicSymbol::is_explicit::crates/core/subject.rs::131,1c775f3a82a374851c7a3366ab1c690164fe9c88,stale_source_deleted,stale_source_deleted,,,GREEN,stale_source_deleted (high): file `crates/core/subject.rs` absent at commit
PublicSymbol::is_partial::crates/ignore/src/lib.rs::161,a4e3d56de1fcf8c5d8e7c304585733c6f9853886,valid,valid,,,GREEN,valid (high): `pub <kind> is_partial` still present
PublicSymbol::kind::crates/regex/src/error.rs::26,f7ff34fdf9d2853f9763aceb28f5dcb014728045,valid,valid,,,GREEN,valid (high): `pub <kind> kind` still present
PublicSymbol::match_count::crates/printer/src/standard.rs::658,62e676843af3ba046b027e5407f06e35343c808c,valid,valid,,,GREEN,valid (high): `pub <kind> match_count` still present
PublicSymbol::new::crates/ignore/src/dir.rs::550,14f4957b3d605f14ad58bc67e54197a3084fef5a,stale_source_changed,stale_source_changed,,,GREEN,stale_source_changed (high): `new` present but visibility narrowed or made private
PublicSymbol::new::crates/searcher/src/line_buffer.rs::117,ba23ced8178496263af013117b70c09ce39c18e5,stale_source_changed,stale_source_changed,,,GREEN,stale_source_changed (high): `new` present but visibility narrowed or made private
PublicSymbol::new::crates/searcher/src/searcher/mod.rs::310,23e21133ba6a8ca2c4d040092ad1bc22f14e8861,valid,valid,,,GREEN,valid (high): `pub <kind> new` still present
PublicSymbol::new_no_color::crates/printer/src/summary.rs::356,d922b7ac114c24d6800ae5f79d2967481f380c83,valid,valid,,,GREEN,valid (high): `pub <kind> new_no_color` still present
PublicSymbol::path_printer::crates/core/args.rs::256,e0f1000df67f82ab0e735bad40e9b45b2d774ef0,stale_source_deleted,stale_source_deleted,,,GREEN,stale_source_deleted (high): file `crates/core/args.rs` absent at commit
PublicSymbol::quit_after_match::crates/core/args.rs::275,28cce895ffb8b34f3378b96b5a6b7aafe01694da,stale_source_deleted,stale_source_deleted,,,GREEN,stale_source_deleted (high): file `crates/core/args.rs` absent at commit
PublicSymbol::search::crates/core/search.rs::327,312a7884fc6ad9e4dd07542a77bf8e94503440ad,stale_source_changed,stale_source_changed,,,GREEN,stale_source_changed (high): `search` present but visibility narrowed or made private
PublicSymbol::type_defs::crates/core/args.rs::340,da7c81fb960a2f5d0e3e3abd4bb86d7bb223ea57,valid,valid,,,GREEN,valid (high): `pub <kind> type_defs` still present
TestAssertion::absolute_parent::crates/ignore/src/dir.rs::1118,8856f72df5525958927ada364a056e0a425d15e7,stale_source_changed,stale_source_changed,,,DISAGREE,valid (low): test fn `absolute_parent` still present in crates/ignore/src/dir.rs; body unchecked
TestAssertion::buffer_basics1::crates/searcher/src/line_buffer.rs::602,d922b7ac114c24d6800ae5f79d2967481f380c83,stale_source_changed,stale_source_changed,,,DISAGREE,valid (low): test fn `buffer_basics1` still present in crates/searcher/src/line_buffer.rs; body unchecked
TestAssertion::buffer_binary_convert1::crates/searcher/src/line_buffer.rs::890,87c4a2b4b151b79005955f8543632c27fc34174b,stale_source_changed,stale_source_changed,,,DISAGREE,valid (high): test fn `buffer_binary_convert1` present and file `crates/searcher/src/line_buffer.rs` byte-identical to T₀
TestAssertion::buffer_binary_convert4::crates/searcher/src/line_buffer.rs::948,292bc54e64e55b69fec806bf3ee6481958e2946f,stale_source_changed,stale_source_changed,,,DISAGREE,valid (low): test fn `buffer_binary_convert4` still present in crates/searcher/src/line_buffer.rs; body unchecked
TestAssertion::buffer_binary_quit2::crates/searcher/src/line_buffer.rs::806,6d7550d58e88583deeb142b56e0dbe52f5102cbf,valid,valid,,,YELLOW,valid (low): test fn `buffer_binary_quit2` still present in crates/searcher/src/line_buffer.rs; body unchecked
TestAssertion::buffer_limited_capacity2::crates/searcher/src/line_buffer.rs::738,e9ff90c8ffc9308cb1a5acb37e1adf8299124ed8,stale_source_changed,stale_source_changed,,,DISAGREE,valid (low): test fn `buffer_limited_capacity2` still present in crates/searcher/src/line_buffer.rs; body unchecked
TestAssertion::capture_indexing::crates/regex/src/word.rs::292,74959a14cbcce19e2471b0d281ea5cdbd248527d,stale_source_deleted,stale_source_deleted,,,GREEN,stale_source_deleted (high): file `crates/regex/src/word.rs` absent at commit
TestAssertion::config_error_line_terminator::crates/searcher/src/searcher/mod.rs::1019,86e0ab12eff635bd924e3f92bd01be3545eac7b5,valid,valid,,,YELLOW,valid (low): test fn `config_error_line_terminator` still present in crates/searcher/src/searcher/mod.rs; body unchecked
TestAssertion::default_set_is_empty_works::crates/globset/src/lib.rs::900,b13d835d95ef86e38d9d2908c954a337f91669e0,stale_source_changed,stale_source_changed,,,DISAGREE,valid (low): test fn `default_set_is_empty_works` still present in crates/globset/src/lib.rs; body unchecked
TestAssertion::empty_line1::crates/searcher/src/testutil.rs::730,36b7597693c994ffaf023b95d2e18aeeda7d9286,valid,valid,,,YELLOW,valid (low): test fn `empty_line1` still present in crates/searcher/src/testutil.rs; body unchecked
TestAssertion::empty_line1::crates/searcher/src/testutil.rs::730,6d7550d58e88583deeb142b56e0dbe52f5102cbf,valid,valid,,,YELLOW,valid (low): test fn `empty_line1` still present in crates/searcher/src/testutil.rs; body unchecked
TestAssertion::empty_line3::crates/searcher/src/testutil.rs::749,cddb5f57f8fa3413a6210bdd3a8f687b7dac69b2,stale_source_changed,stale_source_changed,,,DISAGREE,valid (low): test fn `empty_line3` still present in crates/searcher/src/testutil.rs; body unchecked
TestAssertion::empty_set_works::crates/globset/src/lib.rs::893,418d048b2701b817d910161bdd040caf0d3f8f32,stale_source_changed,stale_source_changed,,,DISAGREE,valid (high): test fn `empty_set_works` present and file `crates/globset/src/lib.rs` byte-identical to T₀
TestAssertion::ignore::crates/ignore/src/dir.rs::944,79f5a5a66e68aa50ef9f63ded777e640d345df5e,stale_source_changed,stale_source_changed,,,DISAGREE,valid (low): test fn `ignore` still present in crates/ignore/src/dir.rs; body unchecked
TestAssertion::line_locate::crates/searcher/src/lines.rs::281,8e57989cd20379acfca28a341da61df177daca1c,stale_source_changed,stale_source_changed,,,DISAGREE,valid (high): test fn `line_locate` present and file `crates/searcher/src/lines.rs` byte-identical to T₀
TestAssertion::line_terminator_crlf::crates/regex/src/matcher.rs::1019,2057023dc5eb2b2ab28d03d2b902f3b57ce93165,stale_source_changed,stale_source_changed,,,DISAGREE,valid (low): test fn `line_terminator_crlf` still present in crates/regex/src/matcher.rs; body unchecked
TestAssertion::nul::crates/cli/src/escape.rs::218,fee7ac79f11e05640c5609a825ed6d1359cae472,stale_source_changed,stale_source_changed,,,DISAGREE,valid (low): test fn `nul` still present in crates/cli/src/escape.rs; body unchecked
TestAssertion::precedence::crates/ignore/src/overrides.rs::202,75970fd16b4d5f8ff9fb1d9c157467eb166acf23,stale_source_changed,stale_source_changed,,,DISAGREE,valid (low): test fn `precedence` still present in crates/ignore/src/overrides.rs; body unchecked
TestAssertion::preceding_lines_empty1::crates/searcher/src/lines.rs::435,db6bb21a629d5b1ec1bfe89c693b280497c9eedc,stale_source_changed,stale_source_changed,,,DISAGREE,valid (high): test fn `preceding_lines_empty1` present and file `crates/searcher/src/lines.rs` byte-identical to T₀
TestAssertion::preceding_lines_empty2::crates/searcher/src/lines.rs::464,e902e2fef40b926bdf093c6a3939be8cc6f3778a,stale_source_changed,stale_source_changed,,,DISAGREE,valid (high): test fn `preceding_lines_empty2` present and file `crates/searcher/src/lines.rs` byte-identical to T₀
TestAssertion::preceding_lines_short::crates/searcher/src/lines.rs::392,84d65865e6febc784b8b0296dd4681d761fa5a67,stale_source_changed,stale_source_changed,,,DISAGREE,valid (low): test fn `preceding_lines_short` still present in crates/searcher/src/lines.rs; body unchecked
TestAssertion::reports_match::crates/printer/src/standard.rs::1674,e50df40a1967708b9781486b1c017e48040bceb0,stale_source_changed,stale_source_changed,,,DISAGREE,valid (low): test fn `reports_match` still present in crates/printer/src/standard.rs; body unchecked
TestAssertion::simple::crates/ignore/src/overrides.rs::182,abf115228e886494e6198a64c519db7285ff29af,stale_source_changed,stale_source_changed,,,DISAGREE,valid (high): test fn `simple` present and file `crates/ignore/src/overrides.rs` byte-identical to T₀
TestAssertion::test_dirs_in_deep::crates/ignore/tests/gitignore_matched_path_or_any_parents_tests.rs::251,fc0d9b90a9dbc1ba8d93a3f58da4ddbac0c40a7f,stale_source_changed,stale_source_changed,,,DISAGREE,valid (high): test fn `test_dirs_in_deep` present and file `crates/ignore/tests/gitignore_matched_path_or_any_parents_tests.rs` byte-identical to T₀
TestAssertion::test_dirs_in_deep::crates/ignore/tests/gitignore_matched_path_or_any_parents_tests.rs::254,1c775f3a82a374851c7a3366ab1c690164fe9c88,stale_source_changed,stale_source_changed,,,DISAGREE,valid (high): test fn `test_dirs_in_deep` present and file `crates/ignore/tests/gitignore_matched_path_or_any_parents_tests.rs` byte-identical to T₀
TestAssertion::test_dirs_in_deep::crates/ignore/tests/gitignore_matched_path_or_any_parents_tests.rs::277,4aafe45760adfe6505a9852e14cad4a15f79b7c9,stale_source_changed,stale_source_changed,,,DISAGREE,valid (low): test fn `test_dirs_in_deep` still present in crates/ignore/tests/gitignore_matched_path_or_any_parents_tests.rs; body unchecked
TestAssertion::test_dirs_in_deep::crates/ignore/tests/gitignore_matched_path_or_any_parents_tests.rs::281,b0f664540889f26f8f53b699dbc870de288ec428,stale_source_changed,stale_source_changed,,,DISAGREE,valid (high): test fn `test_dirs_in_deep` present and file `crates/ignore/tests/gitignore_matched_path_or_any_parents_tests.rs` byte-identical to T₀
TestAssertion::test_dirs_in_deep::crates/ignore/tests/gitignore_matched_path_or_any_parents_tests.rs::288,53279db4143f4307c2b1b27f2cd32a43b0496205,stale_source_changed,stale_source_changed,,,DISAGREE,valid (high): test fn `test_dirs_in_deep` present and file `crates/ignore/tests/gitignore_matched_path_or_any_parents_tests.rs` byte-identical to T₀
TestAssertion::test_dirs_in_root::crates/ignore/tests/gitignore_matched_path_or_any_parents_tests.rs::128,a2907db2de20fd33b0bf02d9bd1375da06218865,stale_source_changed,stale_source_changed,,,DISAGREE,valid (high): test fn `test_dirs_in_root` present and file `crates/ignore/tests/gitignore_matched_path_or_any_parents_tests.rs` byte-identical to T₀
TestAssertion::test_dirs_in_root::crates/ignore/tests/gitignore_matched_path_or_any_parents_tests.rs::132,e83828fc8c30d5d5e0672641d8ffc64bb58081d8,stale_source_changed,stale_source_changed,,,DISAGREE,valid (high): test fn `test_dirs_in_root` present and file `crates/ignore/tests/gitignore_matched_path_or_any_parents_tests.rs` byte-identical to T₀
TestAssertion::test_dirs_in_root::crates/ignore/tests/gitignore_matched_path_or_any_parents_tests.rs::163,f09b55b8e760de8192d17b7f89512c71035e1abd,stale_source_changed,stale_source_changed,,,DISAGREE,valid (low): test fn `test_dirs_in_root` still present in crates/ignore/tests/gitignore_matched_path_or_any_parents_tests.rs; body unchecked
TestAssertion::various::crates/regex/src/ast.rs::231,8e57989cd20379acfca28a341da61df177daca1c,stale_source_changed,stale_source_changed,,,DISAGREE,valid (high): test fn `various` present and file `crates/regex/src/ast.rs` byte-identical to T₀
TestAssertion::various::crates/regex/src/crlf.rs::185,4df1298127695ed1e76937f16de1a0135677ccf5,stale_source_deleted,stale_source_deleted,,,GREEN,stale_source_deleted (high): file `crates/regex/src/crlf.rs` absent at commit
TestAssertion::various::crates/regex/src/literal.rs::382,81341702af83ce3a3f087d581565c14ba0df4de4,needs_revalidation,needs_revalidation,,,YELLOW,auto says deleted; labeler says needs_revalidation; rename/reval check exceeds auto-filter scope: test fn `various` absent from crates/regex/src/literal.rs
TestAssertion::various::crates/regex/src/literal.rs::389,9d62eb997a19efbf5e96d28870f8edad9bde1b9b,needs_revalidation,needs_revalidation,,,YELLOW,auto says deleted; labeler says needs_revalidation; rename/reval check exceeds auto-filter scope: test fn `various` absent from crates/regex/src/literal.rs
TestAssertion::various::crates/regex/src/strip.rs::147,8e57989cd20379acfca28a341da61df177daca1c,stale_source_changed,stale_source_changed,,,DISAGREE,valid (high): test fn `various` present and file `crates/regex/src/strip.rs` byte-identical to T₀
TestAssertion::various_captures::crates/regex/src/word.rs::258,6f78d211bf2f2622fb7fbb4fb5af044e36a167da,stale_source_deleted,stale_source_deleted,,,GREEN,stale_source_deleted (high): file `crates/regex/src/word.rs` absent at commit
TestAssertion::various_find::crates/regex/src/word.rs::233,d199058e77cbea419f072015373ab1beb0e508ee,stale_source_deleted,stale_source_deleted,,,GREEN,stale_source_deleted (high): file `crates/regex/src/word.rs` absent at commit
